Model,BER,Seed,Accuracy
BFAT (Dual BER),0.0,42,93.43
BFAT (Dual BER),0.0,43,93.43
BFAT (Dual BER),0.0,44,93.43
BFAT (Dual BER),1e-06,42,93.46
BFAT (Dual BER),1e-06,43,93.48
BFAT (Dual BER),1e-06,44,93.48
BFAT (Dual BER),1e-05,42,93.43
BFAT (Dual BER),1e-05,43,93.44
BFAT (Dual BER),1e-05,44,93.51
BFAT (Dual BER),0.0001,42,93.44
BFAT (Dual BER),0.0001,43,93.4
BFAT (Dual BER),0.0001,44,93.5
BFAT (Dual BER),0.001,42,93.32
BFAT (Dual BER),0.001,43,93.5
BFAT (Dual BER),0.001,44,93.41
BFAT (Dual BER),0.01,42,92.51
BFAT (Dual BER),0.01,43,92.22
BFAT (Dual BER),0.01,44,92.06
BFAT (Dual BER),0.02,42,91.65
BFAT (Dual BER),0.02,43,90.42
BFAT (Dual BER),0.02,44,89.22
BFAT (Dual BER),0.03,42,88.28
BFAT (Dual BER),0.03,43,87.45
BFAT (Dual BER),0.03,44,85.1
BFAT (Dual BER),0.04,42,83.54
BFAT (Dual BER),0.04,43,80.21
BFAT (Dual BER),0.04,44,77.33
BFAT (Dual BER),0.05,42,79.64
BFAT (Dual BER),0.05,43,67.34
BFAT (Dual BER),0.05,44,66.01
BFAT (Dual BER),0.06,42,70.9
BFAT (Dual BER),0.06,43,50.37
BFAT (Dual BER),0.06,44,55.56
BFAT (Dual BER),0.07,42,61.36
BFAT (Dual BER),0.07,43,37.99
BFAT (Dual BER),0.07,44,36.61
BFAT (Dual BER),0.08,42,45.57
BFAT (Dual BER),0.08,43,32.58
BFAT (Dual BER),0.08,44,32.33
BFAT (Dual BER),0.09,42,25.29
BFAT (Dual BER),0.09,43,25.42
BFAT (Dual BER),0.09,44,26.78
BFAT (Dual BER),0.1,42,14.73
BFAT (Dual BER),0.1,43,20.77
BFAT (Dual BER),0.1,44,25.64
BFAT (BER 0.02),0.0,42,93.39
BFAT (BER 0.02),0.0,43,93.39
BFAT (BER 0.02),0.0,44,93.39
BFAT (BER 0.02),1e-06,42,93.36
BFAT (BER 0.02),1e-06,43,93.41
BFAT (BER 0.02),1e-06,44,93.41
BFAT (BER 0.02),1e-05,42,93.46
BFAT (BER 0.02),1e-05,43,93.35
BFAT (BER 0.02),1e-05,44,93.39
BFAT (BER 0.02),0.0001,42,93.35
BFAT (BER 0.02),0.0001,43,93.37
BFAT (BER 0.02),0.0001,44,93.31
BFAT (BER 0.02),0.001,42,93.24
BFAT (BER 0.02),0.001,43,93.37
BFAT (BER 0.02),0.001,44,93.27
BFAT (BER 0.02),0.01,42,92.78
BFAT (BER 0.02),0.01,43,92.67
BFAT (BER 0.02),0.01,44,92.37
BFAT (BER 0.02),0.02,42,91.3
BFAT (BER 0.02),0.02,43,90.96
BFAT (BER 0.02),0.02,44,90.79
BFAT (BER 0.02),0.03,42,88.82
BFAT (BER 0.02),0.03,43,88.45
BFAT (BER 0.02),0.03,44,88.66
BFAT (BER 0.02),0.04,42,82.55
BFAT (BER 0.02),0.04,43,84.09
BFAT (BER 0.02),0.04,44,84.54
BFAT (BER 0.02),0.05,42,72.2
BFAT (BER 0.02),0.05,43,71.86
BFAT (BER 0.02),0.05,44,80.79
BFAT (BER 0.02),0.06,42,58.43
BFAT (BER 0.02),0.06,43,63.38
BFAT (BER 0.02),0.06,44,72.98
BFAT (BER 0.02),0.07,42,42.59
BFAT (BER 0.02),0.07,43,40.21
BFAT (BER 0.02),0.07,44,58.73
BFAT (BER 0.02),0.08,42,30.97
BFAT (BER 0.02),0.08,43,29.31
BFAT (BER 0.02),0.08,44,43.64
BFAT (BER 0.02),0.09,42,26.13
BFAT (BER 0.02),0.09,43,23.81
BFAT (BER 0.02),0.09,44,26.51
BFAT (BER 0.02),0.1,42,18.65
BFAT (BER 0.02),0.1,43,21.86
BFAT (BER 0.02),0.1,44,15.85
BFAT+Combined+NoRestore,0.0,42,93.28
BFAT+Combined+NoRestore,0.0,43,93.28
BFAT+Combined+NoRestore,0.0,44,93.28
BFAT+Combined+NoRestore,1e-06,42,93.19
BFAT+Combined+NoRestore,1e-06,43,93.2
BFAT+Combined+NoRestore,1e-06,44,93.26
BFAT+Combined+NoRestore,1e-05,42,93.24
BFAT+Combined+NoRestore,1e-05,43,93.27
BFAT+Combined+NoRestore,1e-05,44,93.28
BFAT+Combined+NoRestore,0.0001,42,93.26
BFAT+Combined+NoRestore,0.0001,43,93.18
BFAT+Combined+NoRestore,0.0001,44,93.26
BFAT+Combined+NoRestore,0.001,42,93.17
BFAT+Combined+NoRestore,0.001,43,93.18
BFAT+Combined+NoRestore,0.001,44,93.29
BFAT+Combined+NoRestore,0.01,42,92.15
BFAT+Combined+NoRestore,0.01,43,91.88
BFAT+Combined+NoRestore,0.01,44,92.02
BFAT+Combined+NoRestore,0.02,42,90.33
BFAT+Combined+NoRestore,0.02,43,90.4
BFAT+Combined+NoRestore,0.02,44,90.05
BFAT+Combined+NoRestore,0.03,42,86.93
BFAT+Combined+NoRestore,0.03,43,86.01
BFAT+Combined+NoRestore,0.03,44,86.6
BFAT+Combined+NoRestore,0.04,42,81.39
BFAT+Combined+NoRestore,0.04,43,79.51
BFAT+Combined+NoRestore,0.04,44,76.96
BFAT+Combined+NoRestore,0.05,42,75.13
BFAT+Combined+NoRestore,0.05,43,73.43
BFAT+Combined+NoRestore,0.05,44,59.43
BFAT+Combined+NoRestore,0.06,42,62.55
BFAT+Combined+NoRestore,0.06,43,62.37
BFAT+Combined+NoRestore,0.06,44,46.67
BFAT+Combined+NoRestore,0.07,42,45.64
BFAT+Combined+NoRestore,0.07,43,50.66
BFAT+Combined+NoRestore,0.07,44,32.17
BFAT+Combined+NoRestore,0.08,42,30.57
BFAT+Combined+NoRestore,0.08,43,41.0
BFAT+Combined+NoRestore,0.08,44,20.11
BFAT+Combined+NoRestore,0.09,42,20.63
BFAT+Combined+NoRestore,0.09,43,27.86
BFAT+Combined+NoRestore,0.09,44,16.01
BFAT+Combined+NoRestore,0.1,42,17.82
BFAT+Combined+NoRestore,0.1,43,25.1
BFAT+Combined+NoRestore,0.1,44,12.9
BFAT_TRUNCATION_ONLY,0.0,42,93.62
BFAT_TRUNCATION_ONLY,0.0,43,93.62
BFAT_TRUNCATION_ONLY,0.0,44,93.62
BFAT_TRUNCATION_ONLY,1e-06,42,93.62
BFAT_TRUNCATION_ONLY,1e-06,43,93.59
BFAT_TRUNCATION_ONLY,1e-06,44,93.66
BFAT_TRUNCATION_ONLY,1e-05,42,93.59
BFAT_TRUNCATION_ONLY,1e-05,43,93.63
BFAT_TRUNCATION_ONLY,1e-05,44,93.53
BFAT_TRUNCATION_ONLY,0.0001,42,93.52
BFAT_TRUNCATION_ONLY,0.0001,43,93.54
BFAT_TRUNCATION_ONLY,0.0001,44,93.61
BFAT_TRUNCATION_ONLY,0.001,42,93.06
BFAT_TRUNCATION_ONLY,0.001,43,93.39
BFAT_TRUNCATION_ONLY,0.001,44,93.57
BFAT_TRUNCATION_ONLY,0.01,42,91.71
BFAT_TRUNCATION_ONLY,0.01,43,91.39
BFAT_TRUNCATION_ONLY,0.01,44,91.11
BFAT_TRUNCATION_ONLY,0.02,42,88.21
BFAT_TRUNCATION_ONLY,0.02,43,88.19
BFAT_TRUNCATION_ONLY,0.02,44,88.63
BFAT_TRUNCATION_ONLY,0.03,42,80.2
BFAT_TRUNCATION_ONLY,0.03,43,83.76
BFAT_TRUNCATION_ONLY,0.03,44,83.77
BFAT_TRUNCATION_ONLY,0.04,42,67.41
BFAT_TRUNCATION_ONLY,0.04,43,75.78
BFAT_TRUNCATION_ONLY,0.04,44,69.32
BFAT_TRUNCATION_ONLY,0.05,42,55.65
BFAT_TRUNCATION_ONLY,0.05,43,63.62
BFAT_TRUNCATION_ONLY,0.05,44,50.34
BFAT_TRUNCATION_ONLY,0.06,42,37.86
BFAT_TRUNCATION_ONLY,0.06,43,40.23
BFAT_TRUNCATION_ONLY,0.06,44,38.66
BFAT_TRUNCATION_ONLY,0.07,42,17.89
BFAT_TRUNCATION_ONLY,0.07,43,29.54
BFAT_TRUNCATION_ONLY,0.07,44,16.47
BFAT_TRUNCATION_ONLY,0.08,42,13.69
BFAT_TRUNCATION_ONLY,0.08,43,21.72
BFAT_TRUNCATION_ONLY,0.08,44,12.3
BFAT_TRUNCATION_ONLY,0.09,42,12.28
BFAT_TRUNCATION_ONLY,0.09,43,17.29
BFAT_TRUNCATION_ONLY,0.09,44,12.43
BFAT_TRUNCATION_ONLY,0.1,42,10.1
BFAT_TRUNCATION_ONLY,0.1,43,15.64
BFAT_TRUNCATION_ONLY,0.1,44,10.06
Baseline,0.0,42,93.96
Baseline,0.0,43,93.96
Baseline,0.0,44,93.96
Baseline,1e-06,42,94.05
Baseline,1e-06,43,93.97
Baseline,1e-06,44,94.02
Baseline,1e-05,42,94.05
Baseline,1e-05,43,94.01
Baseline,1e-05,44,94.02
Baseline,0.0001,42,94.0
Baseline,0.0001,43,93.99
Baseline,0.0001,44,93.98
Baseline,0.001,42,93.68
Baseline,0.001,43,93.7
Baseline,0.001,44,93.72
Baseline,0.01,42,83.96
Baseline,0.01,43,89.38
Baseline,0.01,44,86.01
Baseline,0.02,42,72.57
Baseline,0.02,43,74.59
Baseline,0.02,44,66.15
Baseline,0.03,42,32.46
Baseline,0.03,43,59.12
Baseline,0.03,44,33.1
Baseline,0.04,42,19.5
Baseline,0.04,43,34.55
Baseline,0.04,44,23.31
Baseline,0.05,42,16.62
Baseline,0.05,43,19.77
Baseline,0.05,44,16.61
Baseline,0.06,42,15.17
Baseline,0.06,43,16.18
Baseline,0.06,44,14.24
Baseline,0.07,42,8.22
Baseline,0.07,43,14.95
Baseline,0.07,44,15.32
Baseline,0.08,42,10.59
Baseline,0.08,43,14.23
Baseline,0.08,44,13.42
Baseline,0.09,42,10.73
Baseline,0.09,43,13.02
Baseline,0.09,44,10.92
Baseline,0.1,42,11.05
Baseline,0.1,43,10.4
Baseline,0.1,44,9.99
Max-Magnitude ACC,0.0,MeanOnly,93.0
Max-Magnitude ACC,1e-06,MeanOnly,93.0
Max-Magnitude ACC,1e-05,MeanOnly,93.0
Max-Magnitude ACC,0.0001,MeanOnly,93.0
Max-Magnitude ACC,0.001,MeanOnly,92.0
Max-Magnitude ACC,0.01,MeanOnly,91.0
Max-Magnitude ACC,0.02,MeanOnly,89.0
Max-Magnitude ACC,0.03,MeanOnly,80.0
Max-Magnitude ACC,0.04,MeanOnly,66.0
Max-Magnitude ACC,0.05,MeanOnly,50.0
Max-Magnitude ACC,0.06,MeanOnly,36.0
Max-Magnitude ACC,0.07,MeanOnly,24.0
Max-Magnitude ACC,0.08,MeanOnly,16.0
Max-Magnitude ACC,0.09,MeanOnly,12.0
Max-Magnitude ACC,0.1,MeanOnly,10.0
Max-Squared ACC,0.0,MeanOnly,93.0
Max-Squared ACC,1e-06,MeanOnly,93.0
Max-Squared ACC,1e-05,MeanOnly,93.0
Max-Squared ACC,0.0001,MeanOnly,93.0
Max-Squared ACC,0.001,MeanOnly,92.0
Max-Squared ACC,0.01,MeanOnly,92.0
Max-Squared ACC,0.02,MeanOnly,90.0
Max-Squared ACC,0.03,MeanOnly,82.0
Max-Squared ACC,0.04,MeanOnly,70.0
Max-Squared ACC,0.05,MeanOnly,55.0
Max-Squared ACC,0.06,MeanOnly,40.0
Max-Squared ACC,0.07,MeanOnly,28.0
Max-Squared ACC,0.08,MeanOnly,18.0
Max-Squared ACC,0.09,MeanOnly,13.0
Max-Squared ACC,0.1,MeanOnly,10.0
SAM,0.0,MeanOnly,93.32
SAM,1e-06,MeanOnly,93.25
SAM,1e-05,MeanOnly,93.15
SAM,0.0001,MeanOnly,93.03
SAM,0.001,MeanOnly,93.27
SAM,0.01,MeanOnly,90.43
SAM,0.02,MeanOnly,84.63
SAM,0.03,MeanOnly,71.52
SAM,0.04,MeanOnly,50.95
SAM,0.05,MeanOnly,33.57
SAM,0.06,MeanOnly,22.83
SAM,0.07,MeanOnly,15.07
SAM,0.08,MeanOnly,12.65
SAM,0.09,MeanOnly,13.01
SAM,0.1,MeanOnly,12.19
