exp_name,lambda_scale,ber,baseline_acc,fault_acc,ckpt_path
alexnet_cifar10_single_gpu_normal_srqat_ls0,0.0,1e-05,88.38±0,88.42±0.0764,training/alexnet_cifar10_single_gpu_normal_srqat_ls0/alexnet_cifar10_single_gpu_normal_srqat_ls0_checkpoint.pth.tar
alexnet_cifar10_single_gpu_normal_srqat_ls0,0.0,0.0001,88.38±0,88.38±0.078,training/alexnet_cifar10_single_gpu_normal_srqat_ls0/alexnet_cifar10_single_gpu_normal_srqat_ls0_checkpoint.pth.tar
alexnet_cifar10_single_gpu_normal_srqat_ls0,0.0,0.001,88.38±0,88.33±0.0745,training/alexnet_cifar10_single_gpu_normal_srqat_ls0/alexnet_cifar10_single_gpu_normal_srqat_ls0_checkpoint.pth.tar
alexnet_cifar10_single_gpu_normal_srqat_ls0,0.0,0.01,88.38±0,86.25±0.546,training/alexnet_cifar10_single_gpu_normal_srqat_ls0/alexnet_cifar10_single_gpu_normal_srqat_ls0_checkpoint.pth.tar
alexnet_cifar10_single_gpu_normal_srqat_ls0,0.0,0.02,88.38±0,81.85±3.01,training/alexnet_cifar10_single_gpu_normal_srqat_ls0/alexnet_cifar10_single_gpu_normal_srqat_ls0_checkpoint.pth.tar
alexnet_cifar10_single_gpu_normal_srqat_ls0,0.0,0.05,88.38±0,69.6±1.77,training/alexnet_cifar10_single_gpu_normal_srqat_ls0/alexnet_cifar10_single_gpu_normal_srqat_ls0_checkpoint.pth.tar
alexnet_cifar10_single_gpu_normal_srqat_ls0,0.0,0.1,88.38±0,41.43±2.97,training/alexnet_cifar10_single_gpu_normal_srqat_ls0/alexnet_cifar10_single_gpu_normal_srqat_ls0_checkpoint.pth.tar
alexnet_cifar10_single_gpu_normal_srqat_ls1e_m8,1e-08,1e-05,88.25±0,88.28±0.104,training/alexnet_cifar10_single_gpu_normal_srqat_ls1e_m8/alexnet_cifar10_single_gpu_normal_srqat_ls1e_m8_checkpoint.pth.tar
alexnet_cifar10_single_gpu_normal_srqat_ls1e_m8,1e-08,0.0001,88.25±0,88.3±0.0958,training/alexnet_cifar10_single_gpu_normal_srqat_ls1e_m8/alexnet_cifar10_single_gpu_normal_srqat_ls1e_m8_checkpoint.pth.tar
alexnet_cifar10_single_gpu_normal_srqat_ls1e_m8,1e-08,0.001,88.25±0,88.12±0.145,training/alexnet_cifar10_single_gpu_normal_srqat_ls1e_m8/alexnet_cifar10_single_gpu_normal_srqat_ls1e_m8_checkpoint.pth.tar
alexnet_cifar10_single_gpu_normal_srqat_ls1e_m8,1e-08,0.01,88.25±0,84.44±1.92,training/alexnet_cifar10_single_gpu_normal_srqat_ls1e_m8/alexnet_cifar10_single_gpu_normal_srqat_ls1e_m8_checkpoint.pth.tar
alexnet_cifar10_single_gpu_normal_srqat_ls1e_m8,1e-08,0.02,88.25±0,80.13±2.58,training/alexnet_cifar10_single_gpu_normal_srqat_ls1e_m8/alexnet_cifar10_single_gpu_normal_srqat_ls1e_m8_checkpoint.pth.tar
alexnet_cifar10_single_gpu_normal_srqat_ls1e_m8,1e-08,0.05,88.25±0,64.79±5.27,training/alexnet_cifar10_single_gpu_normal_srqat_ls1e_m8/alexnet_cifar10_single_gpu_normal_srqat_ls1e_m8_checkpoint.pth.tar
alexnet_cifar10_single_gpu_normal_srqat_ls1e_m8,1e-08,0.1,88.25±0,39.24±3.79,training/alexnet_cifar10_single_gpu_normal_srqat_ls1e_m8/alexnet_cifar10_single_gpu_normal_srqat_ls1e_m8_checkpoint.pth.tar
alexnet_cifar10_single_gpu_normal_srqat_ls3e_m8,3e-08,1e-05,88.94±0,88.91±0.0453,training/alexnet_cifar10_single_gpu_normal_srqat_ls3e_m8/alexnet_cifar10_single_gpu_normal_srqat_ls3e_m8_checkpoint.pth.tar
alexnet_cifar10_single_gpu_normal_srqat_ls3e_m8,3e-08,0.0001,88.94±0,88.87±0.129,training/alexnet_cifar10_single_gpu_normal_srqat_ls3e_m8/alexnet_cifar10_single_gpu_normal_srqat_ls3e_m8_checkpoint.pth.tar
alexnet_cifar10_single_gpu_normal_srqat_ls3e_m8,3e-08,0.001,88.94±0,88.63±0.167,training/alexnet_cifar10_single_gpu_normal_srqat_ls3e_m8/alexnet_cifar10_single_gpu_normal_srqat_ls3e_m8_checkpoint.pth.tar
alexnet_cifar10_single_gpu_normal_srqat_ls3e_m8,3e-08,0.01,88.94±0,86.36±0.243,training/alexnet_cifar10_single_gpu_normal_srqat_ls3e_m8/alexnet_cifar10_single_gpu_normal_srqat_ls3e_m8_checkpoint.pth.tar
alexnet_cifar10_single_gpu_normal_srqat_ls3e_m8,3e-08,0.02,88.94±0,81.46±2.19,training/alexnet_cifar10_single_gpu_normal_srqat_ls3e_m8/alexnet_cifar10_single_gpu_normal_srqat_ls3e_m8_checkpoint.pth.tar
alexnet_cifar10_single_gpu_normal_srqat_ls3e_m8,3e-08,0.05,88.94±0,68.54±3.11,training/alexnet_cifar10_single_gpu_normal_srqat_ls3e_m8/alexnet_cifar10_single_gpu_normal_srqat_ls3e_m8_checkpoint.pth.tar
alexnet_cifar10_single_gpu_normal_srqat_ls3e_m8,3e-08,0.1,88.94±0,35.36±4.67,training/alexnet_cifar10_single_gpu_normal_srqat_ls3e_m8/alexnet_cifar10_single_gpu_normal_srqat_ls3e_m8_checkpoint.pth.tar
alexnet_cifar10_single_gpu_normal_srqat_ls1e_m7,1e-07,1e-05,88.61±0,88.54±0.0182,training/alexnet_cifar10_single_gpu_normal_srqat_ls1e_m7/alexnet_cifar10_single_gpu_normal_srqat_ls1e_m7_checkpoint.pth.tar
alexnet_cifar10_single_gpu_normal_srqat_ls1e_m7,1e-07,0.0001,88.61±0,88.48±0.0394,training/alexnet_cifar10_single_gpu_normal_srqat_ls1e_m7/alexnet_cifar10_single_gpu_normal_srqat_ls1e_m7_checkpoint.pth.tar
alexnet_cifar10_single_gpu_normal_srqat_ls1e_m7,1e-07,0.001,88.61±0,88.24±0.147,training/alexnet_cifar10_single_gpu_normal_srqat_ls1e_m7/alexnet_cifar10_single_gpu_normal_srqat_ls1e_m7_checkpoint.pth.tar
alexnet_cifar10_single_gpu_normal_srqat_ls1e_m7,1e-07,0.01,88.61±0,86.59±0.644,training/alexnet_cifar10_single_gpu_normal_srqat_ls1e_m7/alexnet_cifar10_single_gpu_normal_srqat_ls1e_m7_checkpoint.pth.tar
alexnet_cifar10_single_gpu_normal_srqat_ls1e_m7,1e-07,0.02,88.61±0,82.95±1.71,training/alexnet_cifar10_single_gpu_normal_srqat_ls1e_m7/alexnet_cifar10_single_gpu_normal_srqat_ls1e_m7_checkpoint.pth.tar
alexnet_cifar10_single_gpu_normal_srqat_ls1e_m7,1e-07,0.05,88.61±0,70.41±3.84,training/alexnet_cifar10_single_gpu_normal_srqat_ls1e_m7/alexnet_cifar10_single_gpu_normal_srqat_ls1e_m7_checkpoint.pth.tar
alexnet_cifar10_single_gpu_normal_srqat_ls1e_m7,1e-07,0.1,88.61±0,41.87±6.55,training/alexnet_cifar10_single_gpu_normal_srqat_ls1e_m7/alexnet_cifar10_single_gpu_normal_srqat_ls1e_m7_checkpoint.pth.tar
alexnet_cifar10_single_gpu_normal_srqat_ls3e_m7,3e-07,1e-05,88.13±0,88.1±0.0295,training/alexnet_cifar10_single_gpu_normal_srqat_ls3e_m7/alexnet_cifar10_single_gpu_normal_srqat_ls3e_m7_checkpoint.pth.tar
alexnet_cifar10_single_gpu_normal_srqat_ls3e_m7,3e-07,0.0001,88.13±0,88.04±0.099,training/alexnet_cifar10_single_gpu_normal_srqat_ls3e_m7/alexnet_cifar10_single_gpu_normal_srqat_ls3e_m7_checkpoint.pth.tar
alexnet_cifar10_single_gpu_normal_srqat_ls3e_m7,3e-07,0.001,88.13±0,87.9±0.148,training/alexnet_cifar10_single_gpu_normal_srqat_ls3e_m7/alexnet_cifar10_single_gpu_normal_srqat_ls3e_m7_checkpoint.pth.tar
alexnet_cifar10_single_gpu_normal_srqat_ls3e_m7,3e-07,0.01,88.13±0,85.6±1.17,training/alexnet_cifar10_single_gpu_normal_srqat_ls3e_m7/alexnet_cifar10_single_gpu_normal_srqat_ls3e_m7_checkpoint.pth.tar
alexnet_cifar10_single_gpu_normal_srqat_ls3e_m7,3e-07,0.02,88.13±0,82.43±0.474,training/alexnet_cifar10_single_gpu_normal_srqat_ls3e_m7/alexnet_cifar10_single_gpu_normal_srqat_ls3e_m7_checkpoint.pth.tar
alexnet_cifar10_single_gpu_normal_srqat_ls3e_m7,3e-07,0.05,88.13±0,66.19±2.37,training/alexnet_cifar10_single_gpu_normal_srqat_ls3e_m7/alexnet_cifar10_single_gpu_normal_srqat_ls3e_m7_checkpoint.pth.tar
alexnet_cifar10_single_gpu_normal_srqat_ls3e_m7,3e-07,0.1,88.13±0,40.3±6.37,training/alexnet_cifar10_single_gpu_normal_srqat_ls3e_m7/alexnet_cifar10_single_gpu_normal_srqat_ls3e_m7_checkpoint.pth.tar
alexnet_cifar10_single_gpu_normal_srqat_ls1e_m6,1e-06,1e-05,88.75±0,88.73±0.0682,training/alexnet_cifar10_single_gpu_normal_srqat_ls1e_m6/alexnet_cifar10_single_gpu_normal_srqat_ls1e_m6_checkpoint.pth.tar
alexnet_cifar10_single_gpu_normal_srqat_ls1e_m6,1e-06,0.0001,88.75±0,88.77±0.039,training/alexnet_cifar10_single_gpu_normal_srqat_ls1e_m6/alexnet_cifar10_single_gpu_normal_srqat_ls1e_m6_checkpoint.pth.tar
alexnet_cifar10_single_gpu_normal_srqat_ls1e_m6,1e-06,0.001,88.75±0,88.4±0.125,training/alexnet_cifar10_single_gpu_normal_srqat_ls1e_m6/alexnet_cifar10_single_gpu_normal_srqat_ls1e_m6_checkpoint.pth.tar
alexnet_cifar10_single_gpu_normal_srqat_ls1e_m6,1e-06,0.01,88.75±0,86.64±0.797,training/alexnet_cifar10_single_gpu_normal_srqat_ls1e_m6/alexnet_cifar10_single_gpu_normal_srqat_ls1e_m6_checkpoint.pth.tar
alexnet_cifar10_single_gpu_normal_srqat_ls1e_m6,1e-06,0.02,88.75±0,84.12±0.498,training/alexnet_cifar10_single_gpu_normal_srqat_ls1e_m6/alexnet_cifar10_single_gpu_normal_srqat_ls1e_m6_checkpoint.pth.tar
alexnet_cifar10_single_gpu_normal_srqat_ls1e_m6,1e-06,0.05,88.75±0,70.46±3.15,training/alexnet_cifar10_single_gpu_normal_srqat_ls1e_m6/alexnet_cifar10_single_gpu_normal_srqat_ls1e_m6_checkpoint.pth.tar
alexnet_cifar10_single_gpu_normal_srqat_ls1e_m6,1e-06,0.1,88.75±0,44.65±7.98,training/alexnet_cifar10_single_gpu_normal_srqat_ls1e_m6/alexnet_cifar10_single_gpu_normal_srqat_ls1e_m6_checkpoint.pth.tar
alexnet_cifar10_single_gpu_normal_srqat_ls3e_m6,3e-06,1e-05,88.66±0,88.64±0.0416,training/alexnet_cifar10_single_gpu_normal_srqat_ls3e_m6/alexnet_cifar10_single_gpu_normal_srqat_ls3e_m6_checkpoint.pth.tar
alexnet_cifar10_single_gpu_normal_srqat_ls3e_m6,3e-06,0.0001,88.66±0,88.56±0.0586,training/alexnet_cifar10_single_gpu_normal_srqat_ls3e_m6/alexnet_cifar10_single_gpu_normal_srqat_ls3e_m6_checkpoint.pth.tar
alexnet_cifar10_single_gpu_normal_srqat_ls3e_m6,3e-06,0.001,88.66±0,88.26±0.118,training/alexnet_cifar10_single_gpu_normal_srqat_ls3e_m6/alexnet_cifar10_single_gpu_normal_srqat_ls3e_m6_checkpoint.pth.tar
alexnet_cifar10_single_gpu_normal_srqat_ls3e_m6,3e-06,0.01,88.66±0,86.34±0.381,training/alexnet_cifar10_single_gpu_normal_srqat_ls3e_m6/alexnet_cifar10_single_gpu_normal_srqat_ls3e_m6_checkpoint.pth.tar
alexnet_cifar10_single_gpu_normal_srqat_ls3e_m6,3e-06,0.02,88.66±0,83.58±1.71,training/alexnet_cifar10_single_gpu_normal_srqat_ls3e_m6/alexnet_cifar10_single_gpu_normal_srqat_ls3e_m6_checkpoint.pth.tar
alexnet_cifar10_single_gpu_normal_srqat_ls3e_m6,3e-06,0.05,88.66±0,69.17±6.3,training/alexnet_cifar10_single_gpu_normal_srqat_ls3e_m6/alexnet_cifar10_single_gpu_normal_srqat_ls3e_m6_checkpoint.pth.tar
alexnet_cifar10_single_gpu_normal_srqat_ls3e_m6,3e-06,0.1,88.66±0,44.92±5.71,training/alexnet_cifar10_single_gpu_normal_srqat_ls3e_m6/alexnet_cifar10_single_gpu_normal_srqat_ls3e_m6_checkpoint.pth.tar
alexnet_cifar10_single_gpu_normal_srqat_ls1e_m5,1e-05,1e-05,88.3±0,88.34±0.0327,training/alexnet_cifar10_single_gpu_normal_srqat_ls1e_m5/alexnet_cifar10_single_gpu_normal_srqat_ls1e_m5_checkpoint.pth.tar
alexnet_cifar10_single_gpu_normal_srqat_ls1e_m5,1e-05,0.0001,88.3±0,88.33±0.0502,training/alexnet_cifar10_single_gpu_normal_srqat_ls1e_m5/alexnet_cifar10_single_gpu_normal_srqat_ls1e_m5_checkpoint.pth.tar
alexnet_cifar10_single_gpu_normal_srqat_ls1e_m5,1e-05,0.001,88.3±0,88.15±0.154,training/alexnet_cifar10_single_gpu_normal_srqat_ls1e_m5/alexnet_cifar10_single_gpu_normal_srqat_ls1e_m5_checkpoint.pth.tar
alexnet_cifar10_single_gpu_normal_srqat_ls1e_m5,1e-05,0.01,88.3±0,86.04±0.824,training/alexnet_cifar10_single_gpu_normal_srqat_ls1e_m5/alexnet_cifar10_single_gpu_normal_srqat_ls1e_m5_checkpoint.pth.tar
alexnet_cifar10_single_gpu_normal_srqat_ls1e_m5,1e-05,0.02,88.3±0,81.83±2.25,training/alexnet_cifar10_single_gpu_normal_srqat_ls1e_m5/alexnet_cifar10_single_gpu_normal_srqat_ls1e_m5_checkpoint.pth.tar
alexnet_cifar10_single_gpu_normal_srqat_ls1e_m5,1e-05,0.05,88.3±0,71.41±3.82,training/alexnet_cifar10_single_gpu_normal_srqat_ls1e_m5/alexnet_cifar10_single_gpu_normal_srqat_ls1e_m5_checkpoint.pth.tar
alexnet_cifar10_single_gpu_normal_srqat_ls1e_m5,1e-05,0.1,88.3±0,44.74±8,training/alexnet_cifar10_single_gpu_normal_srqat_ls1e_m5/alexnet_cifar10_single_gpu_normal_srqat_ls1e_m5_checkpoint.pth.tar
