exp_name,lambda_scale,layer,is_dynamic_s,s_len,s_active_wbit,s_active,s_active_sq,ckpt_path
alexnet_cifar10_single_gpu_normal_srqat_ls0,0.0,classifier.1,1,5,6,0.0008798734634183347,7.741772947156278e-07,training/alexnet_cifar10_single_gpu_normal_srqat_ls0/alexnet_cifar10_single_gpu_normal_srqat_ls0_checkpoint.pth.tar
alexnet_cifar10_single_gpu_normal_srqat_ls0,0.0,classifier.4,1,5,6,0.0010996770579367876,1.209289621328935e-06,training/alexnet_cifar10_single_gpu_normal_srqat_ls0/alexnet_cifar10_single_gpu_normal_srqat_ls0_checkpoint.pth.tar
alexnet_cifar10_single_gpu_normal_srqat_ls0,0.0,classifier.6,0,1,,0.005586571525782347,3.120977999060415e-05,training/alexnet_cifar10_single_gpu_normal_srqat_ls0/alexnet_cifar10_single_gpu_normal_srqat_ls0_checkpoint.pth.tar
alexnet_cifar10_single_gpu_normal_srqat_ls0,0.0,features.0,0,1,,0.0037775493692606688,1.4269879102357663e-05,training/alexnet_cifar10_single_gpu_normal_srqat_ls0/alexnet_cifar10_single_gpu_normal_srqat_ls0_checkpoint.pth.tar
alexnet_cifar10_single_gpu_normal_srqat_ls0,0.0,features.10,1,5,6,0.0021193972788751125,4.491844720178051e-06,training/alexnet_cifar10_single_gpu_normal_srqat_ls0/alexnet_cifar10_single_gpu_normal_srqat_ls0_checkpoint.pth.tar
alexnet_cifar10_single_gpu_normal_srqat_ls0,0.0,features.3,1,5,6,0.0053998855873942375,2.915876393672079e-05,training/alexnet_cifar10_single_gpu_normal_srqat_ls0/alexnet_cifar10_single_gpu_normal_srqat_ls0_checkpoint.pth.tar
alexnet_cifar10_single_gpu_normal_srqat_ls0,0.0,features.6,1,5,6,0.00030185666400939226,9.111744248002651e-08,training/alexnet_cifar10_single_gpu_normal_srqat_ls0/alexnet_cifar10_single_gpu_normal_srqat_ls0_checkpoint.pth.tar
alexnet_cifar10_single_gpu_normal_srqat_ls0,0.0,features.8,1,5,6,0.0019369903020560741,3.751931444639922e-06,training/alexnet_cifar10_single_gpu_normal_srqat_ls0/alexnet_cifar10_single_gpu_normal_srqat_ls0_checkpoint.pth.tar
alexnet_cifar10_single_gpu_normal_srqat_ls1e_m5,1e-05,classifier.1,1,5,6,0.0008211815147660673,6.743391054442327e-07,training/alexnet_cifar10_single_gpu_normal_srqat_ls1e_m5/alexnet_cifar10_single_gpu_normal_srqat_ls1e_m5_checkpoint.pth.tar
alexnet_cifar10_single_gpu_normal_srqat_ls1e_m5,1e-05,classifier.4,1,5,6,0.001188132562674582,1.4116590136836749e-06,training/alexnet_cifar10_single_gpu_normal_srqat_ls1e_m5/alexnet_cifar10_single_gpu_normal_srqat_ls1e_m5_checkpoint.pth.tar
alexnet_cifar10_single_gpu_normal_srqat_ls1e_m5,1e-05,classifier.6,0,1,,0.005831631366163492,3.4007924114121124e-05,training/alexnet_cifar10_single_gpu_normal_srqat_ls1e_m5/alexnet_cifar10_single_gpu_normal_srqat_ls1e_m5_checkpoint.pth.tar
alexnet_cifar10_single_gpu_normal_srqat_ls1e_m5,1e-05,features.0,0,1,,0.003895071567967534,1.5171582163020503e-05,training/alexnet_cifar10_single_gpu_normal_srqat_ls1e_m5/alexnet_cifar10_single_gpu_normal_srqat_ls1e_m5_checkpoint.pth.tar
alexnet_cifar10_single_gpu_normal_srqat_ls1e_m5,1e-05,features.10,1,5,6,0.0022299890406429768,4.972851002094103e-06,training/alexnet_cifar10_single_gpu_normal_srqat_ls1e_m5/alexnet_cifar10_single_gpu_normal_srqat_ls1e_m5_checkpoint.pth.tar
alexnet_cifar10_single_gpu_normal_srqat_ls1e_m5,1e-05,features.3,1,5,6,0.005229014437645674,2.7342592147761025e-05,training/alexnet_cifar10_single_gpu_normal_srqat_ls1e_m5/alexnet_cifar10_single_gpu_normal_srqat_ls1e_m5_checkpoint.pth.tar
alexnet_cifar10_single_gpu_normal_srqat_ls1e_m5,1e-05,features.6,1,5,6,0.001271576969884336,1.6169079799510655e-06,training/alexnet_cifar10_single_gpu_normal_srqat_ls1e_m5/alexnet_cifar10_single_gpu_normal_srqat_ls1e_m5_checkpoint.pth.tar
alexnet_cifar10_single_gpu_normal_srqat_ls1e_m5,1e-05,features.8,1,5,6,0.002074842806905508,4.304972662794171e-06,training/alexnet_cifar10_single_gpu_normal_srqat_ls1e_m5/alexnet_cifar10_single_gpu_normal_srqat_ls1e_m5_checkpoint.pth.tar
alexnet_cifar10_single_gpu_normal_srqat_ls1e_m6,1e-06,classifier.1,1,5,6,0.000860689498949796,7.407863904518308e-07,training/alexnet_cifar10_single_gpu_normal_srqat_ls1e_m6/alexnet_cifar10_single_gpu_normal_srqat_ls1e_m6_checkpoint.pth.tar
alexnet_cifar10_single_gpu_normal_srqat_ls1e_m6,1e-06,classifier.4,1,5,6,0.0012026717886328697,1.4464194464380853e-06,training/alexnet_cifar10_single_gpu_normal_srqat_ls1e_m6/alexnet_cifar10_single_gpu_normal_srqat_ls1e_m6_checkpoint.pth.tar
alexnet_cifar10_single_gpu_normal_srqat_ls1e_m6,1e-06,classifier.6,0,1,,0.005531595554202795,3.059854861930944e-05,training/alexnet_cifar10_single_gpu_normal_srqat_ls1e_m6/alexnet_cifar10_single_gpu_normal_srqat_ls1e_m6_checkpoint.pth.tar
alexnet_cifar10_single_gpu_normal_srqat_ls1e_m6,1e-06,features.0,0,1,,0.003345639444887638,1.1193303180334624e-05,training/alexnet_cifar10_single_gpu_normal_srqat_ls1e_m6/alexnet_cifar10_single_gpu_normal_srqat_ls1e_m6_checkpoint.pth.tar
alexnet_cifar10_single_gpu_normal_srqat_ls1e_m6,1e-06,features.10,1,5,6,0.0020966529846191406,4.395953510538675e-06,training/alexnet_cifar10_single_gpu_normal_srqat_ls1e_m6/alexnet_cifar10_single_gpu_normal_srqat_ls1e_m6_checkpoint.pth.tar
alexnet_cifar10_single_gpu_normal_srqat_ls1e_m6,1e-06,features.3,1,5,6,0.005205128807574511,2.7093365133623593e-05,training/alexnet_cifar10_single_gpu_normal_srqat_ls1e_m6/alexnet_cifar10_single_gpu_normal_srqat_ls1e_m6_checkpoint.pth.tar
alexnet_cifar10_single_gpu_normal_srqat_ls1e_m6,1e-06,features.6,1,5,6,0.0002602780587039888,6.774466498882248e-08,training/alexnet_cifar10_single_gpu_normal_srqat_ls1e_m6/alexnet_cifar10_single_gpu_normal_srqat_ls1e_m6_checkpoint.pth.tar
alexnet_cifar10_single_gpu_normal_srqat_ls1e_m6,1e-06,features.8,1,5,6,0.0019294368103146553,3.722726432897616e-06,training/alexnet_cifar10_single_gpu_normal_srqat_ls1e_m6/alexnet_cifar10_single_gpu_normal_srqat_ls1e_m6_checkpoint.pth.tar
alexnet_cifar10_single_gpu_normal_srqat_ls1e_m7,1e-07,classifier.1,1,5,6,0.0008841035305522382,7.816390734660672e-07,training/alexnet_cifar10_single_gpu_normal_srqat_ls1e_m7/alexnet_cifar10_single_gpu_normal_srqat_ls1e_m7_checkpoint.pth.tar
alexnet_cifar10_single_gpu_normal_srqat_ls1e_m7,1e-07,classifier.4,1,5,6,0.0011659447336569428,1.3594270740213688e-06,training/alexnet_cifar10_single_gpu_normal_srqat_ls1e_m7/alexnet_cifar10_single_gpu_normal_srqat_ls1e_m7_checkpoint.pth.tar
alexnet_cifar10_single_gpu_normal_srqat_ls1e_m7,1e-07,classifier.6,0,1,,0.00524211535230279,2.747977305261884e-05,training/alexnet_cifar10_single_gpu_normal_srqat_ls1e_m7/alexnet_cifar10_single_gpu_normal_srqat_ls1e_m7_checkpoint.pth.tar
alexnet_cifar10_single_gpu_normal_srqat_ls1e_m7,1e-07,features.0,0,1,,0.0038108874578028917,1.452286323910812e-05,training/alexnet_cifar10_single_gpu_normal_srqat_ls1e_m7/alexnet_cifar10_single_gpu_normal_srqat_ls1e_m7_checkpoint.pth.tar
alexnet_cifar10_single_gpu_normal_srqat_ls1e_m7,1e-07,features.10,1,5,6,0.0020856503397226334,4.349937171355123e-06,training/alexnet_cifar10_single_gpu_normal_srqat_ls1e_m7/alexnet_cifar10_single_gpu_normal_srqat_ls1e_m7_checkpoint.pth.tar
alexnet_cifar10_single_gpu_normal_srqat_ls1e_m7,1e-07,features.3,1,5,6,0.00535693159326911,2.8696716981357895e-05,training/alexnet_cifar10_single_gpu_normal_srqat_ls1e_m7/alexnet_cifar10_single_gpu_normal_srqat_ls1e_m7_checkpoint.pth.tar
alexnet_cifar10_single_gpu_normal_srqat_ls1e_m7,1e-07,features.6,1,5,6,0.00032027330598793924,1.0257499383214963e-07,training/alexnet_cifar10_single_gpu_normal_srqat_ls1e_m7/alexnet_cifar10_single_gpu_normal_srqat_ls1e_m7_checkpoint.pth.tar
alexnet_cifar10_single_gpu_normal_srqat_ls1e_m7,1e-07,features.8,1,5,6,0.0019676294177770615,3.871565695590107e-06,training/alexnet_cifar10_single_gpu_normal_srqat_ls1e_m7/alexnet_cifar10_single_gpu_normal_srqat_ls1e_m7_checkpoint.pth.tar
alexnet_cifar10_single_gpu_normal_srqat_ls1e_m8,1e-08,classifier.1,1,5,6,0.0008219152805395424,6.755447543582704e-07,training/alexnet_cifar10_single_gpu_normal_srqat_ls1e_m8/alexnet_cifar10_single_gpu_normal_srqat_ls1e_m8_checkpoint.pth.tar
alexnet_cifar10_single_gpu_normal_srqat_ls1e_m8,1e-08,classifier.4,1,5,6,0.001079936628229916,1.1662631322906236e-06,training/alexnet_cifar10_single_gpu_normal_srqat_ls1e_m8/alexnet_cifar10_single_gpu_normal_srqat_ls1e_m8_checkpoint.pth.tar
alexnet_cifar10_single_gpu_normal_srqat_ls1e_m8,1e-08,classifier.6,0,1,,0.004801805131137371,2.3057333237375133e-05,training/alexnet_cifar10_single_gpu_normal_srqat_ls1e_m8/alexnet_cifar10_single_gpu_normal_srqat_ls1e_m8_checkpoint.pth.tar
alexnet_cifar10_single_gpu_normal_srqat_ls1e_m8,1e-08,features.0,0,1,,0.004854305647313595,2.356428376515396e-05,training/alexnet_cifar10_single_gpu_normal_srqat_ls1e_m8/alexnet_cifar10_single_gpu_normal_srqat_ls1e_m8_checkpoint.pth.tar
alexnet_cifar10_single_gpu_normal_srqat_ls1e_m8,1e-08,features.10,1,5,6,0.002138744806870818,4.574229478748748e-06,training/alexnet_cifar10_single_gpu_normal_srqat_ls1e_m8/alexnet_cifar10_single_gpu_normal_srqat_ls1e_m8_checkpoint.pth.tar
alexnet_cifar10_single_gpu_normal_srqat_ls1e_m8,1e-08,features.3,1,5,6,0.005436499137431383,2.9555523724411614e-05,training/alexnet_cifar10_single_gpu_normal_srqat_ls1e_m8/alexnet_cifar10_single_gpu_normal_srqat_ls1e_m8_checkpoint.pth.tar
alexnet_cifar10_single_gpu_normal_srqat_ls1e_m8,1e-08,features.6,1,5,6,0.0011281210463494062,1.2726570730592357e-06,training/alexnet_cifar10_single_gpu_normal_srqat_ls1e_m8/alexnet_cifar10_single_gpu_normal_srqat_ls1e_m8_checkpoint.pth.tar
alexnet_cifar10_single_gpu_normal_srqat_ls1e_m8,1e-08,features.8,1,5,6,0.0019239371176809072,3.7015340694779297e-06,training/alexnet_cifar10_single_gpu_normal_srqat_ls1e_m8/alexnet_cifar10_single_gpu_normal_srqat_ls1e_m8_checkpoint.pth.tar
alexnet_cifar10_single_gpu_normal_srqat_ls3e_m6,3e-06,classifier.1,1,5,6,0.0008661402389407158,7.501989216507354e-07,training/alexnet_cifar10_single_gpu_normal_srqat_ls3e_m6/alexnet_cifar10_single_gpu_normal_srqat_ls3e_m6_checkpoint.pth.tar
alexnet_cifar10_single_gpu_normal_srqat_ls3e_m6,3e-06,classifier.4,1,5,6,0.0011819051578640938,1.3968998473501415e-06,training/alexnet_cifar10_single_gpu_normal_srqat_ls3e_m6/alexnet_cifar10_single_gpu_normal_srqat_ls3e_m6_checkpoint.pth.tar
alexnet_cifar10_single_gpu_normal_srqat_ls3e_m6,3e-06,classifier.6,0,1,,0.005852028727531433,3.424624082981609e-05,training/alexnet_cifar10_single_gpu_normal_srqat_ls3e_m6/alexnet_cifar10_single_gpu_normal_srqat_ls3e_m6_checkpoint.pth.tar
alexnet_cifar10_single_gpu_normal_srqat_ls3e_m6,3e-06,features.0,0,1,,0.0037361152935773134,1.3958557246951386e-05,training/alexnet_cifar10_single_gpu_normal_srqat_ls3e_m6/alexnet_cifar10_single_gpu_normal_srqat_ls3e_m6_checkpoint.pth.tar
alexnet_cifar10_single_gpu_normal_srqat_ls3e_m6,3e-06,features.10,1,5,6,0.002068634144961834,4.279247150407173e-06,training/alexnet_cifar10_single_gpu_normal_srqat_ls3e_m6/alexnet_cifar10_single_gpu_normal_srqat_ls3e_m6_checkpoint.pth.tar
alexnet_cifar10_single_gpu_normal_srqat_ls3e_m6,3e-06,features.3,1,5,6,0.0053334967233240604,2.8446187570807524e-05,training/alexnet_cifar10_single_gpu_normal_srqat_ls3e_m6/alexnet_cifar10_single_gpu_normal_srqat_ls3e_m6_checkpoint.pth.tar
alexnet_cifar10_single_gpu_normal_srqat_ls3e_m6,3e-06,features.6,1,5,6,0.0011084723519161344,1.2287109711905941e-06,training/alexnet_cifar10_single_gpu_normal_srqat_ls3e_m6/alexnet_cifar10_single_gpu_normal_srqat_ls3e_m6_checkpoint.pth.tar
alexnet_cifar10_single_gpu_normal_srqat_ls3e_m6,3e-06,features.8,1,5,6,0.002013525227084756,4.054283635923639e-06,training/alexnet_cifar10_single_gpu_normal_srqat_ls3e_m6/alexnet_cifar10_single_gpu_normal_srqat_ls3e_m6_checkpoint.pth.tar
alexnet_cifar10_single_gpu_normal_srqat_ls3e_m7,3e-07,classifier.1,1,5,6,0.0008900004322640598,7.921007636468858e-07,training/alexnet_cifar10_single_gpu_normal_srqat_ls3e_m7/alexnet_cifar10_single_gpu_normal_srqat_ls3e_m7_checkpoint.pth.tar
alexnet_cifar10_single_gpu_normal_srqat_ls3e_m7,3e-07,classifier.4,1,5,6,0.001220410456880927,1.489401711296523e-06,training/alexnet_cifar10_single_gpu_normal_srqat_ls3e_m7/alexnet_cifar10_single_gpu_normal_srqat_ls3e_m7_checkpoint.pth.tar
alexnet_cifar10_single_gpu_normal_srqat_ls3e_m7,3e-07,classifier.6,0,1,,0.0050808945670723915,2.5815488697844557e-05,training/alexnet_cifar10_single_gpu_normal_srqat_ls3e_m7/alexnet_cifar10_single_gpu_normal_srqat_ls3e_m7_checkpoint.pth.tar
alexnet_cifar10_single_gpu_normal_srqat_ls3e_m7,3e-07,features.0,0,1,,0.004371383227407932,1.910899118229281e-05,training/alexnet_cifar10_single_gpu_normal_srqat_ls3e_m7/alexnet_cifar10_single_gpu_normal_srqat_ls3e_m7_checkpoint.pth.tar
alexnet_cifar10_single_gpu_normal_srqat_ls3e_m7,3e-07,features.10,1,5,6,0.0021172836422920227,4.482889835344395e-06,training/alexnet_cifar10_single_gpu_normal_srqat_ls3e_m7/alexnet_cifar10_single_gpu_normal_srqat_ls3e_m7_checkpoint.pth.tar
alexnet_cifar10_single_gpu_normal_srqat_ls3e_m7,3e-07,features.3,1,5,6,0.005304824095219374,2.8141159418737516e-05,training/alexnet_cifar10_single_gpu_normal_srqat_ls3e_m7/alexnet_cifar10_single_gpu_normal_srqat_ls3e_m7_checkpoint.pth.tar
alexnet_cifar10_single_gpu_normal_srqat_ls3e_m7,3e-07,features.6,1,5,6,0.0012254215544089675,1.5016579482107772e-06,training/alexnet_cifar10_single_gpu_normal_srqat_ls3e_m7/alexnet_cifar10_single_gpu_normal_srqat_ls3e_m7_checkpoint.pth.tar
alexnet_cifar10_single_gpu_normal_srqat_ls3e_m7,3e-07,features.8,1,5,6,0.0019389105727896094,3.759374294531881e-06,training/alexnet_cifar10_single_gpu_normal_srqat_ls3e_m7/alexnet_cifar10_single_gpu_normal_srqat_ls3e_m7_checkpoint.pth.tar
alexnet_cifar10_single_gpu_normal_srqat_ls3e_m8,3e-08,classifier.1,1,5,6,0.0008999172132462263,8.09850973837456e-07,training/alexnet_cifar10_single_gpu_normal_srqat_ls3e_m8/alexnet_cifar10_single_gpu_normal_srqat_ls3e_m8_checkpoint.pth.tar
alexnet_cifar10_single_gpu_normal_srqat_ls3e_m8,3e-08,classifier.4,1,5,6,0.0012220977805554867,1.4935229728507693e-06,training/alexnet_cifar10_single_gpu_normal_srqat_ls3e_m8/alexnet_cifar10_single_gpu_normal_srqat_ls3e_m8_checkpoint.pth.tar
alexnet_cifar10_single_gpu_normal_srqat_ls3e_m8,3e-08,classifier.6,0,1,,0.00578806409612298,3.3501684811199084e-05,training/alexnet_cifar10_single_gpu_normal_srqat_ls3e_m8/alexnet_cifar10_single_gpu_normal_srqat_ls3e_m8_checkpoint.pth.tar
alexnet_cifar10_single_gpu_normal_srqat_ls3e_m8,3e-08,features.0,0,1,,0.0040394943207502365,1.631751365493983e-05,training/alexnet_cifar10_single_gpu_normal_srqat_ls3e_m8/alexnet_cifar10_single_gpu_normal_srqat_ls3e_m8_checkpoint.pth.tar
alexnet_cifar10_single_gpu_normal_srqat_ls3e_m8,3e-08,features.10,1,5,6,0.0021549861412495375,4.643965439754538e-06,training/alexnet_cifar10_single_gpu_normal_srqat_ls3e_m8/alexnet_cifar10_single_gpu_normal_srqat_ls3e_m8_checkpoint.pth.tar
alexnet_cifar10_single_gpu_normal_srqat_ls3e_m8,3e-08,features.3,1,5,6,0.0052632857114076614,2.7702177249011584e-05,training/alexnet_cifar10_single_gpu_normal_srqat_ls3e_m8/alexnet_cifar10_single_gpu_normal_srqat_ls3e_m8_checkpoint.pth.tar
alexnet_cifar10_single_gpu_normal_srqat_ls3e_m8,3e-08,features.6,1,5,6,0.00023551438061986119,5.5467022974653446e-08,training/alexnet_cifar10_single_gpu_normal_srqat_ls3e_m8/alexnet_cifar10_single_gpu_normal_srqat_ls3e_m8_checkpoint.pth.tar
alexnet_cifar10_single_gpu_normal_srqat_ls3e_m8,3e-08,features.8,1,5,6,0.001976430881768465,3.906278834620025e-06,training/alexnet_cifar10_single_gpu_normal_srqat_ls3e_m8/alexnet_cifar10_single_gpu_normal_srqat_ls3e_m8_checkpoint.pth.tar
